{
  "controller/NotFound.controller.js": 1602498656059,
  "controller/App.controller.js": 1602498656055,
  "model/models.js": 1602498656063,
  "model/formatter.js": 1602498656059,
  "controller/Worklist.controller.js": 1602506582718,
  "controller/Object.controller.js": 1602498656059,
  "i18n/i18n.properties": 1602498656059,
  "controller/ErrorHandler.js": 1602498656059,
  "controller/BaseController.js": 1602498656059,
  "manifest.json": 1602506618342,
  "Component.js": 1602498656055,
  "manifest-bundle.zip": 1602506617974,
  "Component-preload.js": 1602506618260,
  "controller/Worklist-dbg.controller.js": 1602506582718,
  "model/formatter-dbg.js": 1602498656059,
  "model/models-dbg.js": 1602498656063,
  "controller/Object-dbg.controller.js": 1602498656059,
  "controller/NotFound-dbg.controller.js": 1602498656059,
  "controller/ErrorHandler-dbg.js": 1602498656059,
  "controller/BaseController-dbg.js": 1602498656059,
  "controller/App-dbg.controller.js": 1602498656055,
  "Component-dbg.js": 1602498656055,
  "resources.json": 1602506618345,
  "view/Worklist.view.xml": 1602506582718,
  "view/ObjectNotFound.view.xml": 1602498656067,
  "view/Object.view.xml": 1602498656067,
  "view/NotFound.view.xml": 1602498656067,
  "view/App.view.xml": 1602498656067,
  "test.html": 1602498656063,
  "index.html": 1602498656059
}